Sat Jul 18 15:04:31 UTC 2026,100
Sat Jul 18 15:04:53 UTC 2026,100
Sat Jul 18 15:06:19 UTC 2026,100
Sat Jul 18 15:09:57 UTC 2026,100
Sat Jul 18 15:15:00 UTC 2026,
Sat Jul 18 15:20:06 UTC 2026,
Sat Jul 18 15:25:10 UTC 2026,
Sat Jul 18 15:30:13 UTC 2026,100
Sat Jul 18 15:35:16 UTC 2026,100
Sat Jul 18 15:40:20 UTC 2026,100
Sat Jul 18 15:45:23 UTC 2026,100
Sat Jul 18 15:50:27 UTC 2026,100
Sat Jul 18 17:31:06 UTC 2026,100
Sat Jul 18 17:36:09 UTC 2026,100
Sat Jul 18 17:41:13 UTC 2026,100
Sat Jul 18 17:46:18 UTC 2026,100
Sat Jul 18 17:51:22 UTC 2026,100
Sat Jul 18 17:56:24 UTC 2026,100
Sat Jul 18 18:01:26 UTC 2026,100
Sat Jul 18 18:06:33 UTC 2026,100
Sat Jul 18 18:11:36 UTC 2026,100
Sat Jul 18 18:16:40 UTC 2026,100
Sat Jul 18 18:21:44 UTC 2026,100
Sat Jul 18 18:26:47 UTC 2026,100
Sat Jul 18 18:31:50 UTC 2026,100
Sat Jul 18 18:36:55 UTC 2026,100
Sat Jul 18 18:41:58 UTC 2026,100
Sat Jul 18 18:47:03 UTC 2026,100
Sat Jul 18 18:52:06 UTC 2026,100
Sat Jul 18 18:57:10 UTC 2026,100
Sat Jul 18 19:02:15 UTC 2026,100
Sat Jul 18 19:07:19 UTC 2026,100
Sat Jul 18 19:12:23 UTC 2026,100
Sat Jul 18 19:17:28 UTC 2026,100
Sat Jul 18 19:22:31 UTC 2026,100
Sat Jul 18 19:27:36 UTC 2026,100
Sat Jul 18 19:32:40 UTC 2026,100
Sat Jul 18 19:37:44 UTC 2026,100
